MSOA,Local Authority,Construction,Wholesale (including motor trades),Retail (excluding motor trades),Accommodation and Food Service activities,Information and communication,Head Office and Management Consultancy activities,"Professional, Scientific and Technical Activities (excluding Head Office and Management Consultancy activities)",Administrative and Support Service activities,Human Health and Social Work activities,,,,,,,,,,
E02000001,City of London,820,645,845,"1,250","2,155","2,580","5,740","7,600",300,,,,,,,,,,
E02000002,Barking and Dagenham,40,15,15,10,15,10,15,20,25,,,,,,,,,,
E02000003,Barking and Dagenham,80,50,45,40,50,25,40,35,35,,,,,,,,,,
E02000004,Barking and Dagenham,50,10,10,5,10,5,15,15,15,,,,,,,,,,
E02000005,Barking and Dagenham,70,20,20,20,25,10,20,20,15,,,,,,,,,,
E02000007,Barking and Dagenham,60,5,15,15,5,10,25,35,50,,,,,,,,,,
E02000008,Barking and Dagenham,90,10,20,15,20,10,25,45,50,,,,,,,,,,
E02000009,Barking and Dagenham,70,15,35,15,40,20,40,30,40,,,,,,,,,,
E02000010,Barking and Dagenham,70,20,10,10,15,5,20,35,30,,,,,,,,,,
E02000011,Barking and Dagenham,60,25,25,15,15,5,15,30,20,,,,,,,,,,
E02000012,Barking and Dagenham,45,10,20,15,40,25,25,30,40,,,,,,,,,,
E02000013,Barking and Dagenham,45,5,20,10,10,10,15,25,30,,,,,,,,,,
E02000014,Barking and Dagenham,65,10,35,25,20,5,15,30,45,,,,,,,,,,
E02000015,Barking and Dagenham,40,15,30,10,15,15,20,30,35,,,,,,,,,,
E02000016,Barking and Dagenham,70,40,100,50,105,35,105,100,115,,,,,,,,,,
E02000017,Barking and Dagenham,55,15,15,25,45,20,30,40,30,,,,,,,,,,
E02000018,Barking and Dagenham,60,10,20,15,15,5,15,20,25,,,,,,,,,,
E02000019,Barking and Dagenham,65,35,20,10,20,15,30,30,25,,,,,,,,,,
E02000020,Barking and Dagenham,110,155,60,25,35,20,35,70,30,,,,,,,,,,
E02000021,Barking and Dagenham,60,20,10,25,10,10,25,25,35,,,,,,,,,,
E02000022,Barking and Dagenham,45,55,20,10,30,20,20,40,35,,,,,,,,,,
E02000023,Barking and Dagenham,45,65,20,10,25,10,15,40,35,,,,,,,,,,
E02006799,Barking and Dagenham,75,35,70,30,30,15,35,40,40,,,,,,,,,,
E02000024,Barnet,100,55,110,70,125,80,150,120,65,,,,,,,,,,
E02000025,Barnet,75,25,20,25,70,50,65,50,20,,,,,,,,,,
E02000026,Barnet,35,20,15,5,40,25,45,30,15,,,,,,,,,,
E02000027,Barnet,45,15,15,10,50,20,35,25,30,,,,,,,,,,
E02000028,Barnet,60,35,25,15,60,35,55,40,25,,,,,,,,,,
E02000029,Barnet,80,50,45,25,45,25,55,40,25,,,,,,,,,,
E02000030,Barnet,60,25,25,15,50,60,70,45,30,,,,,,,,,,
E02000031,Barnet,95,55,60,35,75,65,125,85,40,,,,,,,,,,
E02000032,Barnet,60,25,20,15,55,40,45,30,15,,,,,,,,,,
E02000033,Barnet,95,40,25,15,40,35,65,50,35,,,,,,,,,,
E02000034,Barnet,60,30,30,15,60,50,65,40,35,,,,,,,,,,
E02000035,Barnet,80,30,35,15,70,70,105,45,40,,,,,,,,,,
E02000036,Barnet,70,25,35,15,50,45,50,40,30,,,,,,,,,,
E02000037,Barnet,55,35,35,15,65,60,105,45,40,,,,,,,,,,
E02000038,Barnet,70,25,50,30,75,60,60,45,35,,,,,,,,,,
E02000039,Barnet,75,45,70,35,65,70,70,65,25,,,,,,,,,,
E02000040,Barnet,50,30,20,15,40,35,45,45,25,,,,,,,,,,
E02000041,Barnet,115,65,100,50,85,60,110,85,50,,,,,,,,,,
E02000042,Barnet,145,85,120,65,245,165,215,175,85,,,,,,,,,,
E02000043,Barnet,40,20,20,10,60,35,55,30,20,,,,,,,,,,
E02000044,Barnet,75,30,20,10,30,45,60,45,15,,,,,,,,,,
E02000045,Barnet,55,25,25,15,70,35,50,35,20,,,,,,,,,,
E02000046,Barnet,95,75,85,40,105,75,115,100,25,,,,,,,,,,
E02000047,Barnet,70,15,45,15,40,10,20,50,30,,,,,,,,,,
E02000048,Barnet,70,30,30,20,50,60,60,35,30,,,,,,,,,,
E02000049,Barnet,35,5,10,5,20,10,15,20,20,,,,,,,,,,
E02000050,Barnet,50,30,30,20,75,50,55,55,30,,,,,,,,,,
E02000051,Barnet,185,90,80,35,75,100,155,110,40,,,,,,,,,,
E02000052,Barnet,45,20,45,40,85,50,90,50,35,,,,,,,,,,
E02000053,Barnet,80,45,40,30,70,40,55,45,25,,,,,,,,,,
E02000054,Barnet,75,35,35,15,40,40,45,40,25,,,,,,,,,,
E02000055,Barnet,120,65,95,60,80,75,105,95,85,,,,,,,,,,
E02000056,Barnet,55,30,45,20,50,80,75,85,30,,,,,,,,,,
E02000057,Barnet,55,25,35,15,30,30,45,45,30,,,,,,,,,,
E02000058,Barnet,130,75,105,30,85,90,80,90,40,,,,,,,,,,
E02000059,Barnet,100,65,60,20,55,30,55,65,35,,,,,,,,,,
E02000060,Barnet,90,50,60,20,45,50,65,65,35,,,,,,,,,,
E02000061,Barnet,105,65,90,50,75,85,120,90,55,,,,,,,,,,
E02000062,Barnet,65,55,185,40,30,20,30,60,15,,,,,,,,,,
E02000063,Barnet,55,20,20,5,35,25,40,30,20,,,,,,,,,,
E02000064,Barnet,35,25,25,15,30,30,40,35,20,,,,,,,,,,
E02000065,Bexley,60,25,10,5,135,125,35,65,80,,,,,,,,,,
E02000066,Bexley,35,5,5,5,25,15,15,25,35,,,,,,,,,,
E02000067,Bexley,65,25,45,30,25,30,25,35,40,,,,,,,,,,
E02000068,Bexley,60,65,45,20,20,30,25,45,35,,,,,,,,,,
E02000069,Bexley,25,15,15,10,20,15,15,20,20,,,,,,,,,,
E02000070,Bexley,70,10,15,10,25,20,30,20,15,,,,,,,,,,
E02000071,Bexley,55,10,35,20,20,5,20,20,20,,,,,,,,,,
E02000072,Bexley,65,50,20,10,40,35,35,50,45,,,,,,,,,,
E02000073,Bexley,75,10,30,15,55,30,35,15,20,,,,,,,,,,
E02000074,Bexley,45,10,10,0,20,5,15,25,25,,,,,,,,,,
E02000075,Bexley,65,10,20,10,45,20,20,25,15,,,,,,,,,,
E02000077,Bexley,50,20,15,10,35,15,15,15,10,,,,,,,,,,
E02000078,Bexley,55,10,20,15,25,10,15,10,15,,,,,,,,,,
E02000079,Bexley,70,35,115,60,45,25,50,50,45,,,,,,,,,,
E02000080,Bexley,95,20,70,50,45,20,30,40,50,,,,,,,,,,
E02000081,Bexley,45,10,10,20,30,20,20,20,15,,,,,,,,,,
E02000082,Bexley,80,15,20,15,40,20,30,25,15,,,,,,,,,,
E02000083,Bexley,90,80,50,40,45,30,40,40,40,,,,,,,,,,
E02000084,Bexley,125,20,15,15,40,35,45,30,20,,,,,,,,,,
E02000085,Bexley,75,20,45,25,20,10,20,25,15,,,,,,,,,,
E02000086,Bexley,60,10,15,15,25,15,20,25,10,,,,,,,,,,
E02000087,Bexley,80,20,40,35,55,45,55,40,20,,,,,,,,,,
E02000088,Bexley,75,10,10,15,35,25,20,35,5,,,,,,,,,,
E02000089,Bexley,70,0,15,10,30,15,35,15,10,,,,,,,,,,
E02000090,Bexley,105,30,60,45,45,40,80,60,45,,,,,,,,,,
E02000091,Bexley,65,10,25,20,60,30,55,30,30,,,,,,,,,,
E02000092,Bexley,55,35,15,15,25,15,20,35,20,,,,,,,,,,
E02006785,Bexley,40,10,10,10,20,10,15,10,15,,,,,,,,,,
E02000093,Brent,135,40,30,15,50,35,40,40,35,,,,,,,,,,
E02000094,Brent,105,45,40,15,30,15,45,35,30,,,,,,,,,,
E02000095,Brent,80,35,80,35,55,25,45,40,30,,,,,,,,,,
E02000096,Brent,65,30,35,10,75,60,70,35,35,,,,,,,,,,
E02000097,Brent,115,40,30,15,25,20,40,45,20,,,,,,,,,,
E02000098,Brent,65,25,25,15,60,35,40,25,20,,,,,,,,,,
E02000099,Brent,75,70,65,15,55,30,40,35,20,,,,,,,,,,
E02000100,Brent,50,25,25,10,85,45,60,25,40,,,,,,,,,,
E02000101,Brent,50,25,30,15,45,20,20,35,30,,,,,,,,,,
E02000102,Brent,70,25,15,5,20,10,10,15,10,,,,,,,,,,
E02000103,Brent,120,120,75,30,65,30,50,80,25,,,,,,,,,,
E02000104,Brent,45,20,20,10,35,15,35,20,35,,,,,,,,,,
E02000105,Brent,50,25,50,35,50,25,50,40,35,,,,,,,,,,
E02000106,Brent,100,50,60,25,25,15,35,55,15,,,,,,,,,,
E02000107,Brent,60,30,40,20,55,40,60,50,30,,,,,,,,,,
E02000108,Brent,30,10,15,5,25,20,20,15,15,,,,,,,,,,
E02000109,Brent,130,155,120,75,125,55,105,120,60,,,,,,,,,,
E02000110,Brent,40,10,20,10,50,35,40,25,20,,,,,,,,,,
E02000111,Brent,40,30,65,25,45,20,45,35,30,,,,,,,,,,
E02000112,Brent,65,25,75,40,55,25,45,50,25,,,,,,,,,,
E02000113,Brent,30,25,15,5,15,15,10,20,20,,,,,,,,,,
E02000114,Brent,40,20,45,40,50,20,50,30,15,,,,,,,,,,
E02000115,Brent,30,10,25,15,40,50,60,30,15,,,,,,,,,,
E02000116,Brent,45,20,40,45,20,5,30,20,30,,,,,,,,,,
E02000117,Brent,40,25,35,20,25,5,30,25,30,,,,,,,,,,
E02000118,Brent,55,70,50,20,45,10,30,35,10,,,,,,,,,,
E02000119,Brent,65,170,75,40,40,30,35,90,45,,,,,,,,,,
E02000120,Brent,40,15,65,45,90,50,90,45,30,,,,,,,,,,
E02000121,Brent,60,110,95,30,75,40,50,60,30,,,,,,,,,,
E02000122,Brent,45,15,25,5,60,50,65,45,25,,,,,,,,,,
E02000123,Brent,65,25,95,50,85,20,60,60,40,,,,,,,,,,
E02000124,Brent,65,35,60,55,160,85,140,90,40,,,,,,,,,,
E02000125,Brent,30,15,30,15,95,45,80,55,15,,,,,,,,,,
E02000126,Brent,20,10,20,15,25,20,25,20,20,,,,,,,,,,
E02000127,Bromley,50,10,15,10,25,20,25,20,15,,,,,,,,,,
E02000128,Bromley,65,20,35,20,35,30,50,45,25,,,,,,,,,,
E02000130,Bromley,65,35,60,35,65,40,60,45,25,,,,,,,,,,
E02000131,Bromley,30,15,20,20,75,35,60,35,20,,,,,,,,,,
E02000132,Bromley,65,20,55,50,100,80,95,55,20,,,,,,,,,,
E02000133,Bromley,60,20,30,25,95,115,75,65,45,,,,,,,,,,
E02000134,Bromley,80,50,160,65,105,70,100,105,80,,,,,,,,,,
E02000135,Bromley,50,20,25,20,30,20,45,35,40,,,,,,,,,,
E02000136,Bromley,55,15,20,15,35,30,45,35,20,,,,,,,,,,
E02000137,Bromley,50,5,10,5,45,40,55,20,30,,,,,,,,,,
E02000138,Bromley,55,15,15,15,70,55,70,35,35,,,,,,,,,,
E02000139,Bromley,40,15,25,15,70,40,50,40,30,,,,,,,,,,
E02000140,Bromley,60,25,25,15,25,15,20,25,15,,,,,,,,,,
E02000141,Bromley,30,10,20,10,45,15,30,20,25,,,,,,,,,,
E02000142,Bromley,70,30,25,20,85,75,85,60,25,,,,,,,,,,
E02000144,Bromley,80,35,110,45,115,70,80,120,50,,,,,,,,,,
E02000145,Bromley,55,35,55,15,20,15,20,20,20,,,,,,,,,,
E02000146,Bromley,65,40,40,25,55,30,80,50,35,,,,,,,,,,
E02000147,Bromley,55,15,15,5,70,50,55,35,25,,,,,,,,,,
E02000148,Bromley,55,15,55,40,50,45,55,45,20,,,,,,,,,,
E02000149,Bromley,70,35,45,15,40,30,30,30,25,,,,,,,,,,
E02000150,Bromley,60,25,20,25,35,45,35,25,15,,,,,,,,,,
E02000151,Bromley,40,10,10,10,65,60,45,40,5,,,,,,,,,,
E02000152,Bromley,55,10,20,10,40,15,20,20,20,,,,,,,,,,
E02000153,Bromley,60,10,10,10,40,45,50,25,15,,,,,,,,,,
E02000154,Bromley,50,40,85,45,65,55,80,65,40,,,,,,,,,,
E02000155,Bromley,60,5,15,10,20,15,30,20,15,,,,,,,,,,
E02000156,Bromley,110,25,75,40,80,60,80,60,35,,,,,,,,,,
E02000157,Bromley,35,15,15,5,55,35,30,35,15,,,,,,,,,,
E02000158,Bromley,30,5,10,5,30,15,20,15,25,,,,,,,,,,
E02000159,Bromley,85,35,35,30,45,40,55,55,20,,,,,,,,,,
E02000160,Bromley,90,15,45,35,50,35,45,30,20,,,,,,,,,,
E02000161,Bromley,50,10,15,10,75,40,40,25,20,,,,,,,,,,
E02000162,Bromley,50,15,10,15,25,30,40,35,20,,,,,,,,,,
E02000163,Bromley,75,25,75,20,60,45,45,30,15,,,,,,,,,,
E02000165,Bromley,85,25,15,5,25,10,35,35,15,,,,,,,,,,
E02006782,Bromley,45,10,20,5,35,30,30,30,20,,,,,,,,,,
E02006787,Bromley,55,35,40,25,45,50,35,40,25,,,,,,,,,,
E02006789,Bromley,85,40,35,25,30,30,40,55,10,,,,,,,,,,
E02000166,Camden,40,20,30,20,90,55,90,45,35,,,,,,,,,,
E02000167,Camden,80,20,90,50,90,95,105,75,30,,,,,,,,,,
E02000168,Camden,35,30,60,55,175,65,115,55,40,,,,,,,,,,
E02000169,Camden,30,10,30,20,50,85,65,80,25,,,,,,,,,,
E02000170,Camden,35,25,40,35,100,85,80,50,35,,,,,,,,,,
E02000171,Camden,20,15,20,20,90,50,75,40,25,,,,,,,,,,
E02000172,Camden,20,30,55,35,80,35,65,35,25,,,,,,,,,,
E02000173,Camden,55,40,55,60,135,95,115,120,50,,,,,,,,,,
E02000174,Camden,20,20,40,15,75,40,90,45,40,,,,,,,,,,
E02000175,Camden,50,55,100,75,100,85,105,70,40,,,,,,,,,,
E02000176,Camden,25,20,25,15,70,80,95,50,20,,,,,,,,,,
E02000177,Camden,20,15,35,40,60,55,60,35,30,,,,,,,,,,
E02000178,Camden,85,25,55,35,60,55,80,115,30,,,,,,,,,,
E02000179,Camden,20,15,20,25,45,50,60,40,20,,,,,,,,,,
E02000180,Camden,20,20,25,20,75,45,75,30,15,,,,,,,,,,
E02000181,Camden,20,10,15,10,85,85,85,45,25,,,,,,,,,,
E02000182,Camden,30,30,65,30,50,55,60,70,30,,,,,,,,,,
E02000183,Camden,45,40,100,70,150,85,130,85,30,,,,,,,,,,
E02000184,Camden,40,40,55,45,120,75,165,85,125,,,,,,,,,,
E02000185,Camden,40,15,50,25,60,40,70,60,35,,,,,,,,,,
E02000186,Camden,120,45,150,145,185,115,185,205,75,,,,,,,,,,
E02000187,Camden,50,35,65,75,75,50,75,75,30,,,,,,,,,,
E02000188,Camden,40,15,35,60,70,25,55,65,30,,,,,,,,,,
E02000189,Camden,25,15,30,90,60,45,85,50,50,,,,,,,,,,
E02000190,Camden,35,30,50,105,95,70,90,90,80,,,,,,,,,,
E02000191,Camden,130,105,185,230,415,240,430,280,100,,,,,,,,,,
E02000192,Camden,100,350,280,150,420,215,655,265,75,,,,,,,,,,
E02000193,Camden,320,275,520,500,"1,360","1,180","3,665","1,255",180,,,,,,,,,,
E02000194,Croydon,60,15,35,45,75,40,75,45,35,,,,,,,,,,
E02000195,Croydon,55,15,25,25,35,25,35,30,25,,,,,,,,,,
E02000196,Croydon,35,10,20,20,30,5,35,25,25,,,,,,,,,,
E02000197,Croydon,50,30,35,25,35,20,30,20,25,,,,,,,,,,
E02000198,Croydon,35,20,20,15,10,10,30,20,20,,,,,,,,,,
E02000199,Croydon,30,5,30,15,20,20,30,25,25,,,,,,,,,,
E02000200,Croydon,50,15,20,15,40,30,40,25,35,,,,,,,,,,
E02000201,Croydon,35,15,20,30,20,15,35,30,25,,,,,,,,,,
E02000202,Croydon,35,10,20,10,20,20,20,20,30,,,,,,,,,,
E02000203,Croydon,25,25,40,25,25,5,20,35,50,,,,,,,,,,
E02000204,Croydon,35,20,45,20,35,10,30,25,25,,,,,,,,,,
E02000206,Croydon,50,45,25,15,30,10,30,25,40,,,,,,,,,,
E02000207,Croydon,55,15,15,20,30,20,35,25,35,,,,,,,,,,
E02000208,Croydon,25,15,30,15,20,15,20,25,45,,,,,,,,,,
E02000209,Croydon,50,50,40,20,35,25,30,45,35,,,,,,,,,,
E02000210,Croydon,35,10,15,15,55,25,30,15,25,,,,,,,,,,
E02000211,Croydon,60,5,15,10,50,25,35,25,20,,,,,,,,,,
E02000212,Croydon,45,45,70,30,20,10,25,35,25,,,,,,,,,,
E02000213,Croydon,50,35,150,40,60,40,60,60,60,,,,,,,,,,
E02000214,Croydon,30,10,35,20,30,20,30,15,25,,,,,,,,,,
E02000215,Croydon,65,20,30,35,95,55,60,35,45,,,,,,,,,,
E02000216,Croydon,25,5,10,10,140,40,40,20,20,,,,,,,,,,
E02000217,Croydon,85,55,185,40,90,40,60,65,45,,,,,,,,,,
E02000218,Croydon,40,5,15,10,15,10,25,20,15,,,,,,,,,,
E02000219,Croydon,65,25,20,25,45,30,40,25,25,,,,,,,,,,
E02000220,Croydon,105,60,115,165,165,100,195,165,95,,,,,,,,,,
E02000221,Croydon,85,70,35,35,60,50,80,75,40,,,,,,,,,,
E02000222,Croydon,50,25,15,25,60,30,45,45,35,,,,,,,,,,
E02000223,Croydon,20,0,5,0,5,0,0,10,20,,,,,,,,,,
E02000224,Croydon,80,40,40,20,55,35,70,45,40,,,,,,,,,,
E02000225,Croydon,60,15,5,5,10,5,10,20,20,,,,,,,,,,
E02000226,Croydon,60,15,30,20,50,30,30,30,30,,,,,,,,,,
E02000227,Croydon,80,10,15,15,30,15,30,35,20,,,,,,,,,,
E02000228,Croydon,45,15,30,10,65,50,55,25,25,,,,,,,,,,
E02000229,Croydon,35,10,25,10,5,5,15,10,20,,,,,,,,,,
E02000230,Croydon,75,40,90,45,100,60,85,65,50,,,,,,,,,,
E02000231,Croydon,55,15,10,10,50,60,55,30,45,,,,,,,,,,
E02000232,Croydon,55,5,15,10,25,15,25,20,10,,,,,,,,,,
E02000233,Croydon,30,15,15,15,35,25,30,20,20,,,,,,,,,,
E02000234,Croydon,65,55,65,30,60,40,80,55,40,,,,,,,,,,
E02000235,Croydon,45,15,20,5,50,40,50,35,20,,,,,,,,,,
E02000236,Croydon,50,25,15,10,45,35,45,35,5,,,,,,,,,,
E02000237,Croydon,50,10,10,15,30,25,25,25,15,,,,,,,,,,
E02006788,Croydon,25,10,10,10,25,15,25,15,20,,,,,,,,,,
E02000238,Ealing,85,20,30,20,25,15,35,30,25,,,,,,,,,,
E02000239,Ealing,80,20,25,15,60,30,40,40,20,,,,,,,,,,
E02000240,Ealing,70,10,20,5,30,20,30,20,20,,,,,,,,,,
E02000241,Ealing,70,25,25,20,25,20,20,30,20,,,,,,,,,,
E02000242,Ealing,80,50,35,10,40,20,45,30,15,,,,,,,,,,
E02000243,Ealing,90,55,55,20,55,25,40,50,25,,,,,,,,,,
E02000244,Ealing,125,75,40,20,50,15,30,40,15,,,,,,,,,,
E02000245,Ealing,35,10,10,5,20,10,10,20,20,,,,,,,,,,
E02000246,Ealing,45,20,25,10,25,10,20,20,15,,,,,,,,,,
E02000247,Ealing,65,20,30,15,30,10,30,25,15,,,,,,,,,,
E02000248,Ealing,105,125,160,30,95,50,65,95,20,,,,,,,,,,
E02000249,Ealing,55,15,70,30,25,15,25,30,15,,,,,,,,,,
E02000250,Ealing,35,10,30,20,75,65,50,35,25,,,,,,,,,,
E02000251,Ealing,50,20,20,10,20,15,20,15,15,,,,,,,,,,
E02000252,Ealing,130,295,125,100,130,40,105,145,25,,,,,,,,,,
E02000253,Ealing,60,10,15,5,25,15,20,20,15,,,,,,,,,,
E02000254,Ealing,35,15,30,10,20,10,10,20,20,,,,,,,,,,
E02000255,Ealing,35,10,10,5,75,60,60,20,30,,,,,,,,,,
E02000256,Ealing,155,50,60,25,135,90,110,75,50,,,,,,,,,,
E02000257,Ealing,115,45,240,90,190,105,155,125,75,,,,,,,,,,
E02000258,Ealing,45,15,20,10,50,25,30,25,10,,,,,,,,,,
E02000259,Ealing,45,0,20,15,35,30,35,30,20,,,,,,,,,,
E02000260,Ealing,25,45,180,45,35,20,50,50,30,,,,,,,,,,
E02000261,Ealing,50,30,40,15,70,50,65,45,25,,,,,,,,,,
E02000262,Ealing,45,30,80,60,105,30,65,65,35,,,,,,,,,,
E02000263,Ealing,25,25,50,25,30,15,20,20,20,,,,,,,,,,
E02000264,Ealing,40,25,40,20,90,60,70,45,35,,,,,,,,,,
E02000265,Ealing,60,30,70,35,90,45,80,45,45,,,,,,,,,,
E02000266,Ealing,45,105,85,15,30,10,25,50,45,,,,,,,,,,
E02000267,Ealing,55,30,30,30,65,45,60,40,20,,,,,,,,,,
E02000268,Ealing,55,25,20,40,155,90,70,45,35,,,,,,,,,,
E02000269,Ealing,60,20,35,35,105,80,90,55,30,,,,,,,,,,
E02000270,Ealing,60,45,25,25,70,20,40,45,15,,,,,,,,,,
E02000271,Ealing,50,55,40,25,100,100,125,95,25,,,,,,,,,,
E02000272,Ealing,50,20,15,15,80,45,45,45,15,,,,,,,,,,
E02000274,Ealing,45,100,75,35,35,25,35,40,20,,,,,,,,,,
E02000275,Ealing,20,30,35,20,20,5,20,30,25,,,,,,,,,,
E02000276,Ealing,25,10,35,25,85,50,50,30,20,,,,,,,,,,
E02006791,Ealing,30,10,20,5,80,75,55,40,20,,,,,,,,,,
E02000277,Enfield,30,15,15,10,10,10,15,20,15,,,,,,,,,,
E02000278,Enfield,30,10,35,15,15,10,15,30,25,,,,,,,,,,
E02000279,Enfield,55,35,25,15,50,25,30,60,40,,,,,,,,,,
E02000280,Enfield,65,45,60,25,35,20,40,55,30,,,,,,,,,,
E02000281,Enfield,30,20,20,10,20,10,30,25,30,,,,,,,,,,
E02000282,Enfield,40,20,40,25,5,10,20,25,25,,,,,,,,,,
E02000283,Enfield,50,20,15,10,15,10,10,20,15,,,,,,,,,,
E02000284,Enfield,75,20,55,45,45,35,50,40,30,,,,,,,,,,
E02000285,Enfield,45,10,5,0,20,25,35,25,25,,,,,,,,,,
E02000286,Enfield,65,25,20,15,45,40,45,30,40,,,,,,,,,,
E02000287,Enfield,65,30,50,30,55,50,55,50,40,,,,,,,,,,
E02000288,Enfield,65,65,50,40,30,25,40,40,40,,,,,,,,,,
E02000289,Enfield,60,10,10,10,40,40,45,15,10,,,,,,,,,,
E02000290,Enfield,60,105,30,15,5,10,15,40,25,,,,,,,,,,
E02000291,Enfield,65,25,110,20,50,55,45,60,40,,,,,,,,,,
E02000292,Enfield,70,50,35,15,35,20,30,45,25,,,,,,,,,,
E02000293,Enfield,60,25,10,10,45,30,60,30,25,,,,,,,,,,
E02000294,Enfield,35,40,20,10,15,10,15,20,25,,,,,,,,,,
E02000295,Enfield,70,20,20,10,70,55,60,40,20,,,,,,,,,,
E02000296,Enfield,110,50,80,60,85,55,100,70,40,,,,,,,,,,
E02000297,Enfield,60,25,35,30,40,35,40,25,25,,,,,,,,,,
E02000298,Enfield,65,30,35,30,75,65,95,65,30,,,,,,,,,,
E02000299,Enfield,40,25,30,20,15,10,20,20,30,,,,,,,,,,
E02000300,Enfield,35,15,15,10,10,5,15,20,15,,,,,,,,,,
E02000301,Enfield,40,25,15,10,20,15,15,30,30,,,,,,,,,,
E02000302,Enfield,45,30,15,5,35,20,35,35,25,,,,,,,,,,
E02000303,Enfield,35,15,25,15,15,5,30,35,40,,,,,,,,,,
E02000304,Enfield,50,15,20,10,65,60,65,40,30,,,,,,,,,,
E02000305,Enfield,100,55,90,45,115,80,120,75,55,,,,,,,,,,
E02000306,Enfield,20,75,95,30,10,10,15,45,50,,,,,,,,,,
E02000307,Enfield,50,15,30,10,15,10,25,30,15,,,,,,,,,,
E02000308,Enfield,70,20,30,10,35,25,40,30,20,,,,,,,,,,
E02000309,Enfield,60,60,85,25,25,10,30,45,30,,,,,,,,,,
E02000311,Enfield,75,10,30,10,20,15,30,40,10,,,,,,,,,,
E02000312,Enfield,95,30,45,25,70,25,50,50,35,,,,,,,,,,
E02006793,Enfield,35,55,25,10,15,5,15,35,20,,,,,,,,,,
E02000313,Greenwich,20,5,5,5,15,10,5,15,25,,,,,,,,,,
E02000314,Greenwich,70,30,60,20,65,50,30,55,85,,,,,,,,,,
E02000315,Greenwich,35,10,25,10,25,10,10,30,45,,,,,,,,,,
E02000316,Greenwich,90,90,145,55,105,80,95,105,75,,,,,,,,,,
E02000317,Greenwich,35,10,10,5,15,20,15,35,20,,,,,,,,,,
E02000318,Greenwich,35,20,55,25,20,15,25,45,40,,,,,,,,,,
E02000319,Greenwich,40,15,25,15,30,25,15,25,25,,,,,,,,,,
E02000320,Greenwich,40,5,10,5,25,15,20,20,35,,,,,,,,,,
E02000321,Greenwich,15,0,10,5,10,5,10,15,20,,,,,,,,,,
E02000323,Greenwich,50,10,35,40,40,20,45,40,45,,,,,,,,,,
E02000324,Greenwich,35,5,25,20,35,20,20,25,25,,,,,,,,,,
E02000326,Greenwich,25,5,10,10,45,40,40,25,15,,,,,,,,,,
E02000327,Greenwich,10,5,10,5,20,10,10,20,30,,,,,,,,,,
E02000328,Greenwich,25,5,20,10,55,45,45,20,25,,,,,,,,,,
E02000329,Greenwich,30,5,10,15,20,10,15,15,15,,,,,,,,,,
E02000331,Greenwich,45,10,20,10,25,20,25,30,20,,,,,,,,,,
E02000332,Greenwich,45,10,10,10,35,30,25,15,25,,,,,,,,,,
E02000333,Greenwich,15,10,25,15,65,60,55,45,25,,,,,,,,,,
E02000334,Greenwich,35,5,5,5,25,30,25,20,15,,,,,,,,,,
E02000335,Greenwich,40,5,10,10,35,15,30,15,10,,,,,,,,,,
E02000337,Greenwich,45,10,15,5,40,15,30,20,20,,,,,,,,,,
E02000339,Greenwich,55,15,55,25,45,40,60,40,50,,,,,,,,,,
E02000340,Greenwich,40,20,70,40,35,25,40,30,15,,,,,,,,,,
E02000341,Greenwich,55,10,10,10,15,10,5,20,15,,,,,,,,,,
E02000342,Greenwich,35,10,15,15,20,20,15,20,15,,,,,,,,,,
E02000343,Greenwich,50,5,20,15,40,20,20,30,15,,,,,,,,,,
E02000344,Greenwich,65,10,15,10,40,30,30,20,10,,,,,,,,,,
E02006786,Greenwich,40,10,15,15,20,10,15,15,15,,,,,,,,,,
E02006927,Greenwich,35,10,30,15,70,55,40,25,40,,,,,,,,,,
E02006928,Greenwich,40,25,30,40,110,90,65,65,35,,,,,,,,,,
E02006929,Greenwich,60,50,55,60,140,90,65,120,25,,,,,,,,,,
E02006930,Greenwich,35,15,45,50,75,75,60,45,30,,,,,,,,,,
E02006931,Greenwich,40,20,65,75,105,105,80,75,55,,,,,,,,,,
E02000345,Hackney,125,40,80,20,20,15,35,30,40,,,,,,,,,,
E02000346,Hackney,20,5,15,10,35,15,25,15,20,,,,,,,,,,
E02000347,Hackney,50,15,35,5,20,20,30,35,55,,,,,,,,,,
E02000348,Hackney,60,20,30,5,20,15,25,25,15,,,,,,,,,,
E02000350,Hackney,50,20,40,25,65,30,85,40,20,,,,,,,,,,
E02000351,Hackney,25,10,30,25,75,45,85,30,20,,,,,,,,,,
E02000352,Hackney,20,10,20,5,75,25,70,20,15,,,,,,,,,,
E02000353,Hackney,20,20,80,75,95,40,80,40,30,,,,,,,,,,
E02000354,Hackney,15,10,25,30,60,30,75,25,30,,,,,,,,,,
E02000355,Hackney,25,10,40,25,80,25,80,25,20,,,,,,,,,,
E02000356,Hackney,15,10,20,25,105,40,75,30,20,,,,,,,,,,
E02000357,Hackney,10,5,5,5,30,10,15,20,20,,,,,,,,,,
E02000358,Hackney,25,20,50,45,105,45,130,40,25,,,,,,,,,,
E02000359,Hackney,15,5,20,20,65,25,55,20,15,,,,,,,,,,
E02000360,Hackney,25,20,30,25,95,30,95,40,25,,,,,,,,,,
E02000361,Hackney,20,10,85,45,75,35,110,40,30,,,,,,,,,,
E02000362,Hackney,20,15,15,25,65,30,45,25,25,,,,,,,,,,
E02000363,Hackney,15,15,25,25,40,20,40,25,35,,,,,,,,,,
E02000364,Hackney,10,20,60,25,90,45,125,45,30,,,,,,,,,,
E02000365,Hackney,40,45,110,90,200,105,285,95,60,,,,,,,,,,
E02000366,Hackney,30,10,30,25,65,40,75,25,20,,,,,,,,,,
E02000367,Hackney,25,35,85,65,170,75,235,60,40,,,,,,,,,,
E02000368,Hackney,20,5,25,15,80,35,60,15,25,,,,,,,,,,
E02000369,Hackney,50,30,50,55,160,65,210,70,55,,,,,,,,,,
E02000370,Hackney,145,110,165,55,635,405,415,335,90,,,,,,,,,,
E02000371,Hackney,175,180,245,270,"1,045",385,840,495,125,,,,,,,,,,
E02006918,Hackney,25,20,30,15,40,20,50,25,20,,,,,,,,,,
E02006921,Hackney,65,10,30,10,25,10,15,30,25,,,,,,,,,,
E02000372,Hammersmith and Fulham,50,65,50,35,85,35,75,70,55,,,,,,,,,,
E02000373,Hammersmith and Fulham,15,5,5,5,10,5,15,15,15,,,,,,,,,,
E02000374,Hammersmith and Fulham,25,5,10,10,50,25,30,20,10,,,,,,,,,,
E02000375,Hammersmith and Fulham,30,30,295,85,75,30,60,55,25,,,,,,,,,,
E02000376,Hammersmith and Fulham,30,30,95,60,65,40,65,40,20,,,,,,,,,,
E02000377,Hammersmith and Fulham,40,15,45,35,75,50,55,30,35,,,,,,,,,,
E02000378,Hammersmith and Fulham,25,20,30,25,110,60,70,50,25,,,,,,,,,,
E02000379,Hammersmith and Fulham,25,10,15,5,70,55,65,35,30,,,,,,,,,,
E02000380,Hammersmith and Fulham,10,20,20,15,75,50,85,35,20,,,,,,,,,,
E02000381,Hammersmith and Fulham,35,15,30,50,95,65,110,70,30,,,,,,,,,,
E02000382,Hammersmith and Fulham,30,25,30,50,80,70,75,45,25,,,,,,,,,,
E02000383,Hammersmith and Fulham,40,40,45,45,155,95,105,90,35,,,,,,,,,,
E02000384,Hammersmith and Fulham,75,50,105,125,265,145,160,235,60,,,,,,,,,,
E02000385,Hammersmith and Fulham,15,10,20,20,65,65,50,25,25,,,,,,,,,,
E02000386,Hammersmith and Fulham,20,10,30,20,55,20,35,35,25,,,,,,,,,,
E02000387,Hammersmith and Fulham,20,5,20,15,25,25,35,35,40,,,,,,,,,,
E02000388,Hammersmith and Fulham,30,30,85,40,75,70,85,75,30,,,,,,,,,,
E02000389,Hammersmith and Fulham,35,20,35,30,100,100,105,60,30,,,,,,,,,,
E02000390,Hammersmith and Fulham,30,25,35,15,55,50,65,40,30,,,,,,,,,,
E02000391,Hammersmith and Fulham,40,45,105,50,70,105,95,75,25,,,,,,,,,,
E02000392,Hammersmith and Fulham,55,35,95,60,100,100,115,105,50,,,,,,,,,,
E02000393,Hammersmith and Fulham,20,15,25,10,35,65,60,40,15,,,,,,,,,,
E02000394,Hammersmith and Fulham,50,75,70,25,80,110,130,100,25,,,,,,,,,,
E02000395,Hammersmith and Fulham,60,45,70,30,75,110,140,120,60,,,,,,,,,,
E02000396,Hammersmith and Fulham,45,35,75,25,55,80,65,50,20,,,,,,,,,,
E02000397,Haringey,75,10,25,15,40,20,45,55,25,,,,,,,,,,
E02000398,Haringey,30,105,30,15,10,5,30,35,10,,,,,,,,,,
E02000400,Haringey,50,30,45,20,60,35,50,30,35,,,,,,,,,,
E02000401,Haringey,25,30,25,10,10,5,15,20,10,,,,,,,,,,
E02000402,Haringey,45,15,10,0,5,10,10,5,20,,,,,,,,,,
E02000403,Haringey,35,15,25,25,40,25,40,35,30,,,,,,,,,,
E02000404,Haringey,45,15,25,10,25,10,20,25,15,,,,,,,,,,
E02000405,Haringey,30,15,20,20,70,55,70,45,15,,,,,,,,,,
E02000406,Haringey,30,5,15,10,20,10,15,15,20,,,,,,,,,,
E02000407,Haringey,35,15,40,20,25,10,20,25,25,,,,,,,,,,
E02000408,Haringey,25,15,35,10,15,5,25,20,20,,,,,,,,,,
E02000409,Haringey,50,20,10,5,20,15,15,20,15,,,,,,,,,,
E02000410,Haringey,30,10,30,25,70,50,65,30,25,,,,,,,,,,
E02000411,Haringey,60,50,30,15,50,15,35,60,20,,,,,,,,,,
E02000412,Haringey,55,50,170,60,55,10,50,40,35,,,,,,,,,,
E02000413,Haringey,20,15,20,10,70,65,60,25,25,,,,,,,,,,
E02000414,Haringey,25,5,15,10,20,5,20,20,5,,,,,,,,,,
E02000415,Haringey,40,10,25,25,30,15,30,35,15,,,,,,,,,,
E02000416,Haringey,15,15,15,25,65,25,65,25,25,,,,,,,,,,
E02000417,Haringey,25,10,75,30,80,55,55,30,20,,,,,,,,,,
E02000418,Haringey,25,10,20,10,75,55,75,30,20,,,,,,,,,,
E02000419,Haringey,40,25,65,40,50,20,55,40,25,,,,,,,,,,
E02000420,Haringey,35,15,45,20,30,20,40,20,10,,,,,,,,,,
E02000421,Haringey,45,45,55,30,35,15,50,55,30,,,,,,,,,,
E02000422,Haringey,35,15,20,10,20,5,25,25,15,,,,,,,,,,
E02000423,Haringey,30,10,25,15,40,10,30,25,25,,,,,,,,,,
E02000424,Haringey,20,15,15,20,75,40,70,35,15,,,,,,,,,,
E02000425,Haringey,80,25,45,15,15,0,25,40,20,,,,,,,,,,
E02000426,Haringey,50,20,25,25,70,75,75,55,25,,,,,,,,,,
E02000427,Haringey,25,15,30,25,55,10,45,25,20,,,,,,,,,,
E02000428,Haringey,25,35,30,5,45,15,35,25,20,,,,,,,,,,
E02000429,Haringey,15,5,10,5,90,75,80,40,25,,,,,,,,,,
E02000430,Haringey,45,20,85,55,115,70,70,45,20,,,,,,,,,,
E02000431,Haringey,20,10,40,25,85,45,85,45,20,,,,,,,,,,
E02000432,Haringey,15,10,15,15,80,40,55,25,15,,,,,,,,,,
E02006794,Haringey,35,25,35,35,10,5,25,35,25,,,,,,,,,,
E02000433,Harrow,95,65,55,25,80,60,95,70,40,,,,,,,,,,
E02000434,Harrow,115,85,55,40,105,75,115,75,45,,,,,,,,,,
E02000435,Harrow,55,20,20,10,35,35,25,30,30,,,,,,,,,,
E02000436,Harrow,55,25,20,5,50,55,45,25,15,,,,,,,,,,
E02000437,Harrow,75,20,35,10,40,30,45,30,20,,,,,,,,,,
E02000438,Harrow,70,35,40,30,55,40,55,35,30,,,,,,,,,,
E02000439,Harrow,125,105,65,15,80,55,390,65,25,,,,,,,,,,
E02000440,Harrow,95,15,30,10,80,45,70,40,25,,,,,,,,,,
E02000441,Harrow,30,20,20,5,75,55,55,40,15,,,,,,,,,,
E02000442,Harrow,115,35,25,10,40,15,35,25,20,,,,,,,,,,
E02000443,Harrow,70,45,40,20,40,30,50,45,30,,,,,,,,,,
E02000444,Harrow,60,25,30,20,30,40,50,20,20,,,,,,,,,,
E02000445,Harrow,80,40,40,20,50,25,60,45,30,,,,,,,,,,
E02000447,Harrow,50,25,20,10,65,25,55,20,20,,,,,,,,,,
E02000448,Harrow,50,25,50,35,100,90,75,50,45,,,,,,,,,,
E02000449,Harrow,95,15,25,0,30,10,30,25,5,,,,,,,,,,
E02000451,Harrow,45,15,40,15,85,40,60,20,20,,,,,,,,,,
E02000452,Harrow,85,75,90,50,100,45,85,65,60,,,,,,,,,,
E02000453,Harrow,60,45,45,10,110,60,85,65,35,,,,,,,,,,
E02000454,Harrow,40,15,20,5,135,50,60,30,25,,,,,,,,,,
E02000455,Harrow,105,80,120,85,180,100,180,175,60,,,,,,,,,,
E02000456,Harrow,30,10,15,5,55,25,40,30,20,,,,,,,,,,
E02000457,Harrow,60,35,50,15,105,55,85,50,30,,,,,,,,,,
E02000459,Harrow,50,45,30,20,60,35,55,45,20,,,,,,,,,,
E02000460,Harrow,20,15,10,5,60,15,20,15,20,,,,,,,,,,
E02000461,Harrow,70,25,40,20,65,50,85,40,35,,,,,,,,,,
E02000462,Harrow,25,20,55,25,35,15,35,25,10,,,,,,,,,,
E02000463,Harrow,30,15,25,10,40,15,25,20,15,,,,,,,,,,
E02006795,Harrow,55,20,25,20,110,25,50,20,15,,,,,,,,,,
E02006882,Harrow,125,50,80,20,95,55,110,50,35,,,,,,,,,,
E02000464,Havering,55,20,10,5,10,10,10,15,15,,,,,,,,,,
E02000465,Havering,65,10,15,10,25,15,25,25,30,,,,,,,,,,
E02000466,Havering,65,15,15,5,5,15,25,20,15,,,,,,,,,,
E02000467,Havering,85,25,50,15,15,15,20,25,25,,,,,,,,,,
E02000468,Havering,85,20,30,25,5,5,20,25,25,,,,,,,,,,
E02000469,Havering,35,10,20,10,20,5,10,15,20,,,,,,,,,,
E02000470,Havering,105,55,50,20,50,40,35,50,35,,,,,,,,,,
E02000471,Havering,90,10,25,5,15,20,20,15,10,,,,,,,,,,
E02000472,Havering,75,25,20,10,25,15,20,15,20,,,,,,,,,,
E02000473,Havering,90,25,25,15,40,15,30,30,20,,,,,,,,,,
E02000474,Havering,60,25,20,10,25,20,20,30,20,,,,,,,,,,
E02000475,Havering,95,15,30,25,35,30,60,35,25,,,,,,,,,,
E02000476,Havering,100,55,250,115,75,30,75,115,85,,,,,,,,,,
E02000477,Havering,95,15,20,10,45,20,50,30,15,,,,,,,,,,
E02000478,Havering,80,25,20,10,20,20,35,25,35,,,,,,,,,,
E02000479,Havering,85,50,40,25,35,35,50,45,25,,,,,,,,,,
E02000480,Havering,115,45,25,20,35,30,40,40,55,,,,,,,,,,
E02000481,Havering,65,25,25,10,10,20,25,25,20,,,,,,,,,,
E02000482,Havering,40,15,20,15,45,30,40,30,25,,,,,,,,,,
E02000483,Havering,90,30,75,50,15,25,40,40,35,,,,,,,,,,
E02000484,Havering,90,25,30,10,30,20,25,25,25,,,,,,,,,,
E02000485,Havering,75,20,70,60,45,25,35,45,15,,,,,,,,,,
E02000486,Havering,55,10,35,20,20,10,25,15,15,,,,,,,,,,
E02000487,Havering,65,10,15,10,40,35,40,35,10,,,,,,,,,,
E02000488,Havering,55,5,5,5,20,10,25,15,15,,,,,,,,,,
E02000489,Havering,45,10,20,15,20,15,15,20,25,,,,,,,,,,
E02000490,Havering,45,5,15,10,15,10,15,25,25,,,,,,,,,,
E02000491,Havering,105,85,25,20,30,15,35,65,20,,,,,,,,,,
E02000492,Havering,70,75,15,5,15,10,20,40,15,,,,,,,,,,
E02000493,Havering,45,10,25,25,20,5,20,20,20,,,,,,,,,,
E02000494,Hillingdon,40,25,15,10,70,75,55,40,40,,,,,,,,,,
E02000495,Hillingdon,100,45,70,55,110,70,80,55,45,,,,,,,,,,
E02000496,Hillingdon,70,30,25,20,30,25,40,40,25,,,,,,,,,,
E02000497,Hillingdon,60,20,15,20,100,45,45,30,25,,,,,,,,,,
E02000498,Hillingdon,50,15,10,10,40,20,35,20,10,,,,,,,,,,
E02000499,Hillingdon,45,30,40,25,100,50,75,50,25,,,,,,,,,,
E02000500,Hillingdon,70,45,110,60,85,55,70,50,30,,,,,,,,,,
E02000501,Hillingdon,70,15,25,20,70,45,55,45,35,,,,,,,,,,
E02000502,Hillingdon,60,20,20,20,50,30,30,30,15,,,,,,,,,,
E02000503,Hillingdon,70,35,15,5,60,30,40,25,10,,,,,,,,,,
E02000504,Hillingdon,65,10,15,10,60,35,50,30,10,,,,,,,,,,
E02000506,Hillingdon,95,20,20,20,85,35,40,30,25,,,,,,,,,,
E02000507,Hillingdon,55,5,25,10,45,15,30,30,10,,,,,,,,,,
E02000508,Hillingdon,55,25,100,55,85,35,60,65,40,,,,,,,,,,
E02000509,Hillingdon,115,110,105,50,70,75,100,290,100,,,,,,,,,,
E02000510,Hillingdon,70,35,30,15,45,30,30,25,50,,,,,,,,,,
E02000511,Hillingdon,50,20,25,15,35,15,25,35,20,,,,,,,,,,
E02000512,Hillingdon,55,15,20,10,25,15,30,20,15,,,,,,,,,,
E02000513,Hillingdon,50,10,20,20,20,10,15,10,25,,,,,,,,,,
E02000514,Hillingdon,65,25,65,30,20,15,30,45,15,,,,,,,,,,
E02000515,Hillingdon,60,50,50,25,50,20,30,45,35,,,,,,,,,,
E02000516,Hillingdon,40,15,25,10,20,20,15,25,15,,,,,,,,,,
E02000517,Hillingdon,55,15,30,10,35,15,25,15,25,,,,,,,,,,
E02000518,Hillingdon,45,60,25,15,35,15,20,35,20,,,,,,,,,,
E02000519,Hillingdon,40,45,50,20,35,10,20,25,25,,,,,,,,,,
E02000520,Hillingdon,100,165,110,50,120,55,80,110,45,,,,,,,,,,
E02000521,Hillingdon,45,20,20,10,70,30,30,30,15,,,,,,,,,,
E02000522,Hillingdon,45,20,35,20,35,20,35,30,30,,,,,,,,,,
E02000523,Hillingdon,50,45,45,25,70,30,35,45,20,,,,,,,,,,
E02000524,Hillingdon,75,45,135,140,55,25,30,140,20,,,,,,,,,,
E02000525,Hillingdon,45,20,25,25,20,10,15,45,10,,,,,,,,,,
E02006796,Hillingdon,80,65,55,40,55,35,40,45,15,,,,,,,,,,
E02000526,Hounslow,40,30,80,45,135,135,105,60,30,,,,,,,,,,
E02000528,Hounslow,50,60,50,40,120,45,75,60,25,,,,,,,,,,
E02000529,Hounslow,30,15,35,15,50,10,20,20,15,,,,,,,,,,
E02000530,Hounslow,25,110,25,20,20,10,15,35,10,,,,,,,,,,
E02000531,Hounslow,95,75,50,40,145,75,75,85,30,,,,,,,,,,
E02000532,Hounslow,30,20,30,25,90,85,85,50,25,,,,,,,,,,
E02000533,Hounslow,25,15,20,20,105,85,80,50,25,,,,,,,,,,
E02000534,Hounslow,70,65,40,35,130,50,60,60,30,,,,,,,,,,
E02000535,Hounslow,45,20,25,10,70,20,25,25,20,,,,,,,,,,
E02000536,Hounslow,40,35,35,20,95,35,30,40,35,,,,,,,,,,
E02000537,Hounslow,35,15,25,20,135,45,45,35,25,,,,,,,,,,
E02000538,Hounslow,40,35,25,25,45,20,25,50,20,,,,,,,,,,
E02000539,Hounslow,50,45,40,35,95,40,55,60,35,,,,,,,,,,
E02000540,Hounslow,50,35,80,40,135,30,50,45,40,,,,,,,,,,
E02000541,Hounslow,45,35,45,25,95,20,20,40,30,,,,,,,,,,
E02000542,Hounslow,35,40,40,30,130,30,50,60,35,,,,,,,,,,
E02000543,Hounslow,45,50,155,75,220,65,95,65,60,,,,,,,,,,
E02000544,Hounslow,60,10,20,5,70,15,30,25,20,,,,,,,,,,
E02000545,Hounslow,35,20,30,25,45,45,40,40,25,,,,,,,,,,
E02000546,Hounslow,30,20,30,15,75,10,30,30,15,,,,,,,,,,
E02000547,Hounslow,50,55,25,25,45,20,35,65,15,,,,,,,,,,
E02000548,Hounslow,50,35,25,20,45,15,15,40,20,,,,,,,,,,
E02000549,Hounslow,60,10,30,25,75,45,25,40,25,,,,,,,,,,
E02000550,Hounslow,40,15,50,15,120,30,30,35,25,,,,,,,,,,
E02000551,Hounslow,65,55,30,15,30,15,30,40,20,,,,,,,,,,
E02000552,Hounslow,60,45,20,20,45,10,25,40,15,,,,,,,,,,
E02000553,Hounslow,40,15,15,5,25,15,15,15,15,,,,,,,,,,
E02006792,Hounslow,105,75,130,90,275,170,245,175,65,,,,,,,,,,
E02000554,Islington,25,20,25,10,60,30,60,35,30,,,,,,,,,,
E02000555,Islington,25,25,25,20,85,50,65,30,35,,,,,,,,,,
E02000556,Islington,35,25,50,70,80,50,85,45,40,,,,,,,,,,
E02000557,Islington,30,15,40,55,70,25,55,40,45,,,,,,,,,,
E02000558,Islington,25,15,50,20,30,15,40,25,25,,,,,,,,,,
E02000559,Islington,25,5,40,45,110,70,105,40,20,,,,,,,,,,
E02000560,Islington,20,20,115,55,65,35,85,30,45,,,,,,,,,,
E02000561,Islington,20,10,10,10,90,50,75,30,15,,,,,,,,,,
E02000562,Islington,15,20,20,15,80,55,95,40,15,,,,,,,,,,
E02000563,Islington,15,5,20,20,55,25,40,20,30,,,,,,,,,,
E02000564,Islington,25,15,35,35,110,55,120,50,45,,,,,,,,,,
E02000565,Islington,15,15,30,30,75,40,70,25,40,,,,,,,,,,
E02000566,Islington,25,20,45,60,95,75,120,60,40,,,,,,,,,,
E02000567,Islington,20,15,35,25,125,75,125,40,30,,,,,,,,,,
E02000568,Islington,35,40,35,30,120,60,115,70,40,,,,,,,,,,
E02000569,Islington,35,10,45,45,80,70,115,55,35,,,,,,,,,,
E02000570,Islington,20,10,60,40,95,95,125,45,15,,,,,,,,,,
E02000571,Islington,25,10,40,25,80,60,105,40,20,,,,,,,,,,
E02000572,Islington,25,10,20,20,35,25,35,30,30,,,,,,,,,,
E02000573,Islington,85,50,160,130,190,125,235,150,60,,,,,,,,,,
E02000574,Islington,50,30,70,95,160,100,145,85,45,,,,,,,,,,
E02000575,Islington,250,200,265,260,905,665,"1,045",580,155,,,,,,,,,,
E02000576,Islington,180,150,195,150,795,400,510,465,95,,,,,,,,,,
E02000577,Kensington and Chelsea,35,40,80,50,90,55,110,50,50,,,,,,,,,,
E02000578,Kensington and Chelsea,20,15,20,10,40,20,30,25,35,,,,,,,,,,
E02000579,Kensington and Chelsea,30,35,30,10,85,60,90,50,30,,,,,,,,,,
E02000580,Kensington and Chelsea,20,25,135,60,95,50,95,55,40,,,,,,,,,,
E02000581,Kensington and Chelsea,15,15,20,10,40,35,40,35,30,,,,,,,,,,
E02000582,Kensington and Chelsea,45,30,140,50,80,90,115,85,30,,,,,,,,,,
E02000583,Kensington and Chelsea,30,10,90,35,50,95,115,70,25,,,,,,,,,,
E02000584,Kensington and Chelsea,60,45,140,75,110,150,130,135,25,,,,,,,,,,
E02000585,Kensington and Chelsea,25,20,30,20,70,65,65,80,20,,,,,,,,,,
E02000586,Kensington and Chelsea,45,30,80,75,95,120,120,140,40,,,,,,,,,,
E02000587,Kensington and Chelsea,45,30,90,55,70,100,80,100,40,,,,,,,,,,
E02000588,Kensington and Chelsea,110,80,385,105,50,135,130,160,60,,,,,,,,,,
E02000589,Kensington and Chelsea,45,30,40,80,55,85,75,80,55,,,,,,,,,,
E02000590,Kensington and Chelsea,20,35,135,70,50,95,75,110,30,,,,,,,,,,
E02000591,Kensington and Chelsea,25,15,25,60,45,45,55,40,25,,,,,,,,,,
E02000592,Kensington and Chelsea,35,25,80,90,45,75,80,75,40,,,,,,,,,,
E02000593,Kensington and Chelsea,25,20,35,45,50,80,70,60,30,,,,,,,,,,
E02000594,Kensington and Chelsea,60,30,120,45,35,115,85,85,35,,,,,,,,,,
E02000595,Kensington and Chelsea,45,30,140,60,50,85,75,85,30,,,,,,,,,,
E02000596,Kensington and Chelsea,35,30,80,50,45,85,95,75,30,,,,,,,,,,
E02000597,Kensington and Chelsea,40,40,75,30,50,70,110,70,20,,,,,,,,,,
E02000598,Kingston upon Thames,30,25,20,5,95,75,55,40,25,,,,,,,,,,
E02000599,Kingston upon Thames,40,20,20,15,40,60,50,50,35,,,,,,,,,,
E02000600,Kingston upon Thames,35,15,30,15,90,55,70,35,35,,,,,,,,,,
E02000601,Kingston upon Thames,40,20,35,25,120,100,90,55,35,,,,,,,,,,
E02000602,Kingston upon Thames,45,20,40,35,85,65,85,60,30,,,,,,,,,,
E02000603,Kingston upon Thames,35,35,30,10,30,25,40,25,30,,,,,,,,,,
E02000604,Kingston upon Thames,35,25,60,45,70,55,80,70,25,,,,,,,,,,
E02000605,Kingston upon Thames,35,40,35,10,65,55,65,40,35,,,,,,,,,,
E02000606,Kingston upon Thames,45,50,280,150,145,110,130,120,65,,,,,,,,,,
E02000607,Kingston upon Thames,35,20,10,5,70,45,50,35,10,,,,,,,,,,
E02000608,Kingston upon Thames,25,20,70,55,105,90,115,65,30,,,,,,,,,,
E02000609,Kingston upon Thames,35,10,25,15,40,25,40,30,25,,,,,,,,,,
E02000610,Kingston upon Thames,30,15,30,20,75,45,70,40,35,,,,,,,,,,
E02000611,Kingston upon Thames,45,15,20,5,50,25,40,30,20,,,,,,,,,,
E02000612,Kingston upon Thames,50,15,20,10,40,50,60,35,35,,,,,,,,,,
E02000613,Kingston upon Thames,40,25,30,15,70,55,65,40,25,,,,,,,,,,
E02000614,Kingston upon Thames,80,75,70,30,75,45,55,55,20,,,,,,,,,,
E02000615,Kingston upon Thames,70,25,35,25,30,15,30,35,10,,,,,,,,,,
E02000616,Kingston upon Thames,40,20,10,5,30,15,15,25,10,,,,,,,,,,
E02000617,Kingston upon Thames,75,40,20,20,30,10,35,25,20,,,,,,,,,,
E02000619,Lambeth,35,15,20,25,60,50,60,45,40,,,,,,,,,,
E02000620,Lambeth,25,15,45,60,110,65,75,85,35,,,,,,,,,,
E02000621,Lambeth,50,35,50,65,120,100,110,90,40,,,,,,,,,,
E02000622,Lambeth,25,20,25,30,80,55,85,60,35,,,,,,,,,,
E02000623,Lambeth,15,10,15,15,35,25,35,20,20,,,,,,,,,,
E02000624,Lambeth,10,10,15,20,60,30,40,30,30,,,,,,,,,,
E02000625,Lambeth,20,15,30,30,35,30,30,35,25,,,,,,,,,,
E02000626,Lambeth,20,15,15,10,25,15,40,25,25,,,,,,,,,,
E02000627,Lambeth,20,10,25,30,55,35,70,35,35,,,,,,,,,,
E02000628,Lambeth,30,20,100,75,70,30,60,80,45,,,,,,,,,,
E02000629,Lambeth,45,35,40,50,80,85,120,70,35,,,,,,,,,,
E02000630,Lambeth,30,15,45,35,100,80,115,60,30,,,,,,,,,,
E02000631,Lambeth,25,25,30,25,60,50,55,40,45,,,,,,,,,,
E02000632,Lambeth,25,20,30,15,110,65,115,50,40,,,,,,,,,,
E02000633,Lambeth,20,15,50,35,95,45,75,45,35,,,,,,,,,,
E02000634,Lambeth,15,15,25,65,55,35,65,25,30,,,,,,,,,,
E02000635,Lambeth,20,15,40,35,100,40,75,50,30,,,,,,,,,,
E02000636,Lambeth,20,5,15,20,85,80,85,55,25,,,,,,,,,,
E02000637,Lambeth,25,5,25,20,75,40,85,35,30,,,,,,,,,,
E02000638,Lambeth,25,20,35,15,50,30,55,35,30,,,,,,,,,,
E02000639,Lambeth,20,5,20,5,20,15,25,30,20,,,,,,,,,,
E02000640,Lambeth,30,15,20,10,95,60,65,40,30,,,,,,,,,,
E02000641,Lambeth,20,5,10,10,25,15,25,25,15,,,,,,,,,,
E02000642,Lambeth,30,15,25,25,65,45,70,30,30,,,,,,,,,,
E02000643,Lambeth,25,10,30,15,60,40,60,35,30,,,,,,,,,,
E02000644,Lambeth,25,20,30,15,60,35,50,40,20,,,,,,,,,,
E02000645,Lambeth,40,35,50,45,75,60,75,55,50,,,,,,,,,,
E02000646,Lambeth,40,10,75,45,70,50,70,50,45,,,,,,,,,,
E02000647,Lambeth,30,15,15,5,50,30,35,25,20,,,,,,,,,,
E02000648,Lambeth,30,0,15,10,30,10,25,20,15,,,,,,,,,,
E02000649,Lambeth,65,15,50,40,80,45,70,55,35,,,,,,,,,,
E02000650,Lambeth,25,10,20,25,55,25,40,25,15,,,,,,,,,,
E02000651,Lambeth,40,15,35,20,45,30,55,40,30,,,,,,,,,,
E02000652,Lambeth,40,5,10,10,25,15,15,30,15,,,,,,,,,,
E02006801,Lambeth,50,40,100,180,150,160,130,605,70,,,,,,,,,,
E02000653,Lewisham,20,5,15,5,60,45,40,20,20,,,,,,,,,,
E02000654,Lewisham,25,30,25,25,10,15,25,20,25,,,,,,,,,,
E02000655,Lewisham,35,35,30,15,35,15,30,35,20,,,,,,,,,,
E02000657,Lewisham,25,20,30,45,50,30,50,30,30,,,,,,,,,,
E02000658,Lewisham,10,10,25,15,45,30,40,25,20,,,,,,,,,,
E02000659,Lewisham,20,5,15,5,65,65,45,40,30,,,,,,,,,,
E02000660,Lewisham,15,10,20,25,75,60,60,35,15,,,,,,,,,,
E02000661,Lewisham,25,15,45,45,50,55,55,35,25,,,,,,,,,,
E02000662,Lewisham,25,5,15,5,50,25,45,30,30,,,,,,,,,,
E02000663,Lewisham,10,5,25,5,50,35,30,25,15,,,,,,,,,,
E02000664,Lewisham,35,20,130,55,90,55,70,45,45,,,,,,,,,,
E02000665,Lewisham,20,10,25,25,60,40,55,35,20,,,,,,,,,,
E02000666,Lewisham,25,5,20,20,40,20,25,25,20,,,,,,,,,,
E02000667,Lewisham,30,5,20,20,45,25,50,30,15,,,,,,,,,,
E02000668,Lewisham,30,25,25,20,60,30,25,25,25,,,,,,,,,,
E02000669,Lewisham,25,15,25,20,55,25,40,30,30,,,,,,,,,,
E02000670,Lewisham,20,10,15,10,15,15,15,20,20,,,,,,,,,,
E02000671,Lewisham,35,30,30,45,75,35,55,35,30,,,,,,,,,,
E02000672,Lewisham,25,10,65,35,40,15,30,40,50,,,,,,,,,,
E02000673,Lewisham,15,5,35,25,70,35,65,30,30,,,,,,,,,,
E02000674,Lewisham,35,5,10,5,35,20,40,25,20,,,,,,,,,,
E02000675,Lewisham,65,5,15,15,40,30,35,25,20,,,,,,,,,,
E02000676,Lewisham,25,0,15,10,65,25,35,30,25,,,,,,,,,,
E02000677,Lewisham,25,15,25,20,50,25,40,30,55,,,,,,,,,,
E02000678,Lewisham,20,10,10,5,15,5,10,15,15,,,,,,,,,,
E02000679,Lewisham,25,5,20,10,40,30,35,25,35,,,,,,,,,,
E02000680,Lewisham,20,15,15,20,40,25,25,20,15,,,,,,,,,,
E02000681,Lewisham,30,20,25,25,25,10,25,20,35,,,,,,,,,,
E02000682,Lewisham,45,10,10,10,15,5,15,20,25,,,,,,,,,,
E02000683,Lewisham,30,5,10,10,15,15,25,10,20,,,,,,,,,,
E02000685,Lewisham,30,5,25,10,45,30,45,30,25,,,,,,,,,,
E02000686,Lewisham,30,15,20,10,20,5,20,15,10,,,,,,,,,,
E02000687,Lewisham,35,15,35,25,45,35,35,35,25,,,,,,,,,,
E02006783,Lewisham,30,5,20,15,10,5,15,5,20,,,,,,,,,,
E02006784,Lewisham,45,10,30,20,20,10,20,15,15,,,,,,,,,,
E02006798,Lewisham,15,15,65,50,35,15,40,40,35,,,,,,,,,,
E02000689,Merton,50,60,45,25,95,90,85,85,20,,,,,,,,,,
E02000690,Merton,40,15,25,20,35,85,80,30,30,,,,,,,,,,
E02000691,Merton,45,20,95,60,75,90,100,70,45,,,,,,,,,,
E02000692,Merton,55,30,95,45,120,135,125,120,50,,,,,,,,,,
E02000693,Merton,75,25,45,30,115,55,75,45,25,,,,,,,,,,
E02000694,Merton,50,25,30,25,100,95,105,55,30,,,,,,,,,,
E02000695,Merton,45,20,20,15,35,25,30,40,15,,,,,,,,,,
E02000696,Merton,80,35,40,20,50,40,75,165,10,,,,,,,,,,
E02000697,Merton,65,70,70,35,140,175,130,130,40,,,,,,,,,,
E02000698,Merton,30,15,15,10,70,100,75,45,30,,,,,,,,,,
E02000699,Merton,30,10,20,10,90,80,70,30,25,,,,,,,,,,
E02000700,Merton,75,55,35,15,115,55,55,75,25,,,,,,,,,,
E02000701,Merton,60,20,30,25,25,10,25,25,30,,,,,,,,,,
E02000702,Merton,35,10,10,15,30,10,10,10,20,,,,,,,,,,
E02000703,Merton,60,25,20,10,80,75,70,35,25,,,,,,,,,,
E02000704,Merton,70,45,55,35,95,75,100,50,35,,,,,,,,,,
E02000705,Merton,65,10,25,15,35,25,30,25,20,,,,,,,,,,
E02000706,Merton,50,20,40,10,25,20,25,35,25,,,,,,,,,,
E02000707,Merton,25,5,10,5,15,5,10,20,25,,,,,,,,,,
E02000708,Merton,50,25,45,10,70,40,55,35,25,,,,,,,,,,
E02000709,Merton,60,5,15,5,45,25,35,25,15,,,,,,,,,,
E02000710,Merton,110,90,35,15,35,25,45,65,65,,,,,,,,,,
E02000711,Merton,75,30,60,40,50,25,65,45,40,,,,,,,,,,
E02000712,Merton,65,15,15,10,25,20,35,50,65,,,,,,,,,,
E02000713,Merton,60,30,20,10,30,15,20,15,15,,,,,,,,,,
E02000714,Newham,45,25,35,15,30,20,25,25,25,,,,,,,,,,
E02000715,Newham,25,20,15,10,10,10,15,15,10,,,,,,,,,,
E02000716,Newham,35,10,25,15,20,15,20,30,15,,,,,,,,,,
E02000717,Newham,40,35,55,20,30,15,20,30,30,,,,,,,,,,
E02000718,Newham,20,10,10,0,25,10,10,15,10,,,,,,,,,,
E02000719,Newham,55,5,25,5,25,25,20,35,30,,,,,,,,,,
E02000720,Newham,35,20,30,10,25,15,20,25,10,,,,,,,,,,
E02000721,Newham,35,40,70,35,35,15,40,60,20,,,,,,,,,,
E02000722,Newham,55,10,15,10,35,30,25,35,30,,,,,,,,,,
E02000723,Newham,45,30,40,25,65,20,40,40,20,,,,,,,,,,
E02000724,Newham,25,15,20,10,35,10,15,15,20,,,,,,,,,,
E02000725,Newham,65,45,140,65,70,55,420,925,80,,,,,,,,,,
E02000726,Newham,80,55,205,90,145,80,110,100,45,,,,,,,,,,
E02000727,Newham,35,35,85,20,45,20,35,25,20,,,,,,,,,,
E02000728,Newham,25,10,15,5,45,10,15,25,5,,,,,,,,,,
E02000729,Newham,50,10,10,15,15,15,25,20,15,,,,,,,,,,
E02000730,Newham,20,25,100,10,40,15,20,35,20,,,,,,,,,,
E02000731,Newham,25,20,125,35,65,15,45,35,30,,,,,,,,,,
E02000732,Newham,25,10,35,10,30,10,20,15,15,,,,,,,,,,
E02000733,Newham,40,5,20,10,30,25,30,25,10,,,,,,,,,,
E02000734,Newham,25,15,25,10,20,10,10,15,10,,,,,,,,,,
E02000735,Newham,35,10,40,10,10,15,20,25,20,,,,,,,,,,
E02000736,Newham,30,10,20,15,15,10,15,20,20,,,,,,,,,,
E02000737,Newham,40,10,25,5,25,10,15,20,20,,,,,,,,,,
E02000738,Newham,45,10,35,15,20,10,30,25,15,,,,,,,,,,
E02000739,Newham,40,10,25,10,15,5,15,20,25,,,,,,,,,,
E02000740,Newham,45,20,10,5,25,10,15,30,20,,,,,,,,,,
E02000741,Newham,35,15,20,10,25,10,15,30,25,,,,,,,,,,
E02000742,Newham,45,10,20,10,15,5,20,15,15,,,,,,,,,,
E02000743,Newham,25,20,55,40,25,20,25,25,30,,,,,,,,,,
E02000744,Newham,70,10,20,20,15,10,20,15,25,,,,,,,,,,
E02000745,Newham,65,15,15,0,30,25,25,25,20,,,,,,,,,,
E02000746,Newham,60,35,75,25,40,20,25,40,30,,,,,,,,,,
E02000747,Newham,60,40,35,35,105,70,45,55,25,,,,,,,,,,
E02000748,Newham,105,10,15,5,40,15,20,25,20,,,,,,,,,,
E02000749,Newham,60,15,25,20,25,20,25,40,40,,,,,,,,,,
E02000750,Newham,75,40,45,40,145,75,90,75,40,,,,,,,,,,
E02000751,Redbridge,85,30,45,30,75,75,100,65,50,,,,,,,,,,
E02000752,Redbridge,90,65,35,15,35,15,30,35,25,,,,,,,,,,
E02000753,Redbridge,55,5,15,5,25,15,20,20,20,,,,,,,,,,
E02000754,Redbridge,65,20,15,10,35,25,30,30,15,,,,,,,,,,
E02000755,Redbridge,65,15,15,20,30,15,25,20,15,,,,,,,,,,
E02000756,Redbridge,125,45,60,30,80,45,65,55,40,,,,,,,,,,
E02000757,Redbridge,115,50,80,55,130,100,125,85,65,,,,,,,,,,
E02000758,Redbridge,35,15,20,5,25,15,25,20,20,,,,,,,,,,
E02000759,Redbridge,125,35,45,20,90,60,65,50,45,,,,,,,,,,
E02000760,Redbridge,45,10,40,20,35,15,25,20,25,,,,,,,,,,
E02000762,Redbridge,35,15,30,20,55,30,50,30,35,,,,,,,,,,
E02000763,Redbridge,35,20,20,5,70,20,45,30,25,,,,,,,,,,
E02000764,Redbridge,80,20,50,40,105,80,100,65,50,,,,,,,,,,
E02000765,Redbridge,30,20,35,25,65,40,40,25,15,,,,,,,,,,
E02000767,Redbridge,65,15,20,10,80,25,40,25,25,,,,,,,,,,
E02000768,Redbridge,20,10,5,5,35,40,35,20,20,,,,,,,,,,
E02000769,Redbridge,90,30,40,20,95,45,55,35,45,,,,,,,,,,
E02000770,Redbridge,50,15,25,10,35,25,45,15,20,,,,,,,,,,
E02000772,Redbridge,45,15,40,20,85,35,95,45,65,,,,,,,,,,
E02000773,Redbridge,60,25,40,15,110,45,60,35,40,,,,,,,,,,
E02000774,Redbridge,50,25,45,15,30,25,20,25,25,,,,,,,,,,
E02000776,Redbridge,35,25,20,15,55,25,50,30,30,,,,,,,,,,
E02000777,Redbridge,30,10,10,5,35,35,30,25,15,,,,,,,,,,
E02000779,Redbridge,95,35,90,45,85,35,75,60,40,,,,,,,,,,
E02000780,Redbridge,80,50,175,65,150,55,80,85,70,,,,,,,,,,
E02000781,Redbridge,75,30,50,10,75,30,55,45,45,,,,,,,,,,
E02000782,Redbridge,30,20,65,25,60,20,35,35,35,,,,,,,,,,
E02000783,Redbridge,15,25,25,5,25,15,20,25,15,,,,,,,,,,
E02006800,Redbridge,85,40,55,20,105,40,70,45,50,,,,,,,,,,
E02006924,Redbridge,70,40,40,30,95,55,60,45,50,,,,,,,,,,
E02006925,Redbridge,90,60,45,20,120,65,95,90,55,,,,,,,,,,
E02000784,Richmond upon Thames,25,15,45,30,90,105,90,75,35,,,,,,,,,,
E02000785,Richmond upon Thames,30,30,65,45,125,125,120,65,45,,,,,,,,,,
E02000786,Richmond upon Thames,35,35,40,30,140,145,150,85,40,,,,,,,,,,
E02000787,Richmond upon Thames,40,25,35,15,135,155,105,75,40,,,,,,,,,,
E02000788,Richmond upon Thames,45,25,90,50,95,105,115,80,45,,,,,,,,,,
E02000789,Richmond upon Thames,30,15,25,15,100,95,75,30,35,,,,,,,,,,
E02000790,Richmond upon Thames,20,15,40,20,100,105,60,50,10,,,,,,,,,,
E02000791,Richmond upon Thames,60,40,175,100,180,185,160,130,50,,,,,,,,,,
E02000792,Richmond upon Thames,20,10,40,15,120,95,85,40,35,,,,,,,,,,
E02000793,Richmond upon Thames,40,15,55,30,60,35,50,35,25,,,,,,,,,,
E02000794,Richmond upon Thames,35,10,5,10,70,75,50,35,25,,,,,,,,,,
E02000795,Richmond upon Thames,25,15,30,25,70,70,70,45,20,,,,,,,,,,
E02000796,Richmond upon Thames,50,15,20,10,45,40,40,50,30,,,,,,,,,,
E02000797,Richmond upon Thames,45,40,90,85,130,95,135,85,50,,,,,,,,,,
E02000798,Richmond upon Thames,45,20,40,15,95,55,75,65,35,,,,,,,,,,
E02000799,Richmond upon Thames,15,15,20,20,65,75,55,35,10,,,,,,,,,,
E02000800,Richmond upon Thames,15,10,15,5,40,20,25,15,10,,,,,,,,,,
E02000801,Richmond upon Thames,25,25,25,25,135,90,95,40,25,,,,,,,,,,
E02000802,Richmond upon Thames,45,25,45,25,70,65,75,65,25,,,,,,,,,,
E02000803,Richmond upon Thames,30,15,15,10,50,45,60,30,25,,,,,,,,,,
E02000804,Richmond upon Thames,40,30,65,50,115,105,85,55,35,,,,,,,,,,
E02000805,Richmond upon Thames,50,25,35,30,130,115,130,65,35,,,,,,,,,,
E02000806,Richmond upon Thames,60,40,45,30,100,105,120,70,40,,,,,,,,,,
E02000807,Southwark,25,10,5,10,115,85,60,35,20,,,,,,,,,,
E02000808,Southwark,160,100,135,235,450,335,485,395,150,,,,,,,,,,
E02000809,Southwark,120,115,120,155,380,360,520,320,80,,,,,,,,,,
E02000810,Southwark,35,35,40,30,100,70,100,65,30,,,,,,,,,,
E02000812,Southwark,55,20,60,60,95,80,110,80,35,,,,,,,,,,
E02000813,Southwark,20,10,50,35,85,50,50,45,25,,,,,,,,,,
E02000814,Southwark,40,15,20,20,120,80,75,45,15,,,,,,,,,,
E02000815,Southwark,15,15,40,25,55,50,50,45,80,,,,,,,,,,
E02000816,Southwark,20,20,30,25,45,20,40,30,20,,,,,,,,,,
E02000817,Southwark,15,25,255,15,20,10,15,20,20,,,,,,,,,,
E02000818,Southwark,15,15,40,25,45,25,35,20,25,,,,,,,,,,
E02000819,Southwark,20,10,25,10,25,10,20,25,20,,,,,,,,,,
E02000820,Southwark,20,5,15,15,85,35,60,30,15,,,,,,,,,,
E02000821,Southwark,20,15,20,25,25,10,30,20,20,,,,,,,,,,
E02000822,Southwark,10,0,45,10,20,10,10,20,10,,,,,,,,,,
E02000823,Southwark,15,15,35,15,35,20,35,30,30,,,,,,,,,,
E02000824,Southwark,35,30,35,25,25,15,25,40,40,,,,,,,,,,
E02000825,Southwark,10,5,10,5,30,10,20,20,30,,,,,,,,,,
E02000826,Southwark,25,5,10,10,40,25,30,25,20,,,,,,,,,,
E02000827,Southwark,20,25,55,45,35,15,45,30,35,,,,,,,,,,
E02000828,Southwark,10,10,80,25,25,10,25,30,35,,,,,,,,,,
E02000829,Southwark,25,15,20,20,45,25,45,20,20,,,,,,,,,,
E02000830,Southwark,20,15,25,55,70,40,70,50,25,,,,,,,,,,
E02000831,Southwark,25,25,75,55,75,55,95,40,20,,,,,,,,,,
E02000832,Southwark,35,15,20,30,55,25,55,30,30,,,,,,,,,,
E02000833,Southwark,10,5,10,5,35,25,35,20,25,,,,,,,,,,
E02000834,Southwark,25,15,35,35,80,70,115,50,40,,,,,,,,,,
E02000835,Southwark,20,0,10,10,50,35,45,20,15,,,,,,,,,,
E02000836,Southwark,35,15,65,45,85,50,85,40,25,,,,,,,,,,
E02000837,Southwark,20,30,60,20,65,95,100,55,35,,,,,,,,,,
E02000838,Southwark,25,5,35,25,60,50,90,30,25,,,,,,,,,,
E02000839,Southwark,15,10,15,15,60,45,55,30,30,,,,,,,,,,
E02006802,Southwark,30,20,25,65,120,80,110,85,45,,,,,,,,,,
E02000840,Sutton,50,5,15,10,10,5,10,20,15,,,,,,,,,,
E02000841,Sutton,55,10,25,20,15,10,20,20,20,,,,,,,,,,
E02000842,Sutton,100,65,45,25,35,15,40,35,15,,,,,,,,,,
E02000843,Sutton,70,30,35,20,40,15,35,35,15,,,,,,,,,,
E02000844,Sutton,80,20,20,15,20,15,20,20,15,,,,,,,,,,
E02000845,Sutton,60,10,45,30,75,40,45,45,15,,,,,,,,,,
E02000846,Sutton,50,10,15,10,40,20,35,30,25,,,,,,,,,,
E02000847,Sutton,75,15,15,15,60,30,45,35,20,,,,,,,,,,
E02000848,Sutton,80,20,35,25,25,15,20,25,35,,,,,,,,,,
E02000849,Sutton,55,15,10,15,30,15,30,20,15,,,,,,,,,,
E02000850,Sutton,85,90,30,25,40,25,35,60,20,,,,,,,,,,
E02000851,Sutton,75,40,155,65,50,35,65,65,50,,,,,,,,,,
E02000852,Sutton,80,25,25,15,50,20,35,35,15,,,,,,,,,,
E02000853,Sutton,70,20,15,5,40,15,30,15,15,,,,,,,,,,
E02000854,Sutton,60,15,30,30,45,20,55,50,25,,,,,,,,,,
E02000855,Sutton,105,20,55,30,70,40,80,55,20,,,,,,,,,,
E02000856,Sutton,80,15,55,30,60,35,40,50,35,,,,,,,,,,
E02000857,Sutton,50,10,10,25,95,30,50,45,45,,,,,,,,,,
E02000858,Sutton,50,15,25,15,25,10,25,20,15,,,,,,,,,,
E02000859,Sutton,55,10,10,15,50,30,40,20,35,,,,,,,,,,
E02000860,Sutton,40,10,10,10,75,30,50,25,35,,,,,,,,,,
E02000861,Sutton,60,25,25,10,55,55,65,40,30,,,,,,,,,,
E02000863,Sutton,55,20,15,10,50,25,35,35,25,,,,,,,,,,
E02006836,Sutton,80,15,20,15,85,55,70,45,60,,,,,,,,,,
E02000864,Tower Hamlets,20,25,60,35,70,25,50,35,25,,,,,,,,,,
E02000865,Tower Hamlets,20,25,30,35,55,20,75,35,40,,,,,,,,,,
E02000866,Tower Hamlets,30,10,30,35,80,50,55,30,30,,,,,,,,,,
E02000867,Tower Hamlets,35,40,30,25,125,75,95,70,55,,,,,,,,,,
E02000868,Tower Hamlets,40,25,35,30,75,35,110,25,35,,,,,,,,,,
E02000869,Tower Hamlets,20,20,45,25,65,35,90,35,15,,,,,,,,,,
E02000870,Tower Hamlets,10,10,25,20,35,25,40,20,15,,,,,,,,,,
E02000871,Tower Hamlets,25,20,30,10,40,30,30,45,20,,,,,,,,,,
E02000872,Tower Hamlets,15,20,90,55,90,50,110,40,20,,,,,,,,,,
E02000873,Tower Hamlets,10,5,40,20,50,20,45,20,30,,,,,,,,,,
E02000874,Tower Hamlets,5,15,30,10,40,20,50,25,20,,,,,,,,,,
E02000875,Tower Hamlets,20,35,25,15,45,25,30,30,30,,,,,,,,,,
E02000876,Tower Hamlets,15,35,75,40,50,35,85,50,35,,,,,,,,,,
E02000877,Tower Hamlets,15,30,35,30,60,35,40,35,20,,,,,,,,,,
E02000878,Tower Hamlets,55,135,200,200,340,210,325,230,85,,,,,,,,,,
E02000879,Tower Hamlets,15,15,25,30,40,25,35,30,20,,,,,,,,,,
E02000880,Tower Hamlets,20,30,35,20,35,25,55,45,20,,,,,,,,,,
E02000881,Tower Hamlets,20,10,20,10,35,30,40,25,10,,,,,,,,,,
E02000882,Tower Hamlets,20,15,20,10,40,30,35,35,15,,,,,,,,,,
E02000883,Tower Hamlets,25,5,50,25,20,15,25,20,20,,,,,,,,,,
E02000884,Tower Hamlets,65,165,115,120,235,160,225,160,45,,,,,,,,,,
E02000885,Tower Hamlets,10,15,30,15,25,10,15,15,20,,,,,,,,,,
E02000886,Tower Hamlets,15,15,20,20,100,75,70,40,25,,,,,,,,,,
E02000887,Tower Hamlets,20,5,20,25,50,35,20,35,15,,,,,,,,,,
E02000888,Tower Hamlets,20,30,40,25,85,75,40,30,20,,,,,,,,,,
E02000889,Tower Hamlets,10,30,20,25,90,90,65,50,15,,,,,,,,,,
E02000890,Tower Hamlets,40,30,25,55,145,120,105,110,20,,,,,,,,,,
E02000891,Tower Hamlets,60,55,55,50,330,195,150,160,55,,,,,,,,,,
E02000893,Tower Hamlets,25,5,15,5,80,40,35,25,10,,,,,,,,,,
E02000894,Tower Hamlets,25,15,20,15,160,110,65,35,20,,,,,,,,,,
E02006853,Tower Hamlets,35,25,15,10,135,75,55,60,15,,,,,,,,,,
E02006854,Tower Hamlets,145,120,175,170,370,225,190,300,60,,,,,,,,,,
E02000895,Waltham Forest,65,15,15,10,35,30,25,30,20,,,,,,,,,,
E02000896,Waltham Forest,95,30,55,35,60,50,70,70,25,,,,,,,,,,
E02000897,Waltham Forest,65,0,25,5,20,20,30,25,15,,,,,,,,,,
E02000898,Waltham Forest,55,10,10,5,25,15,25,20,15,,,,,,,,,,
E02000899,Waltham Forest,100,25,70,35,20,20,35,30,20,,,,,,,,,,
E02000900,Waltham Forest,70,35,35,10,15,10,25,25,20,,,,,,,,,,
E02000901,Waltham Forest,85,20,30,30,50,45,55,45,30,,,,,,,,,,
E02000902,Waltham Forest,70,20,15,5,35,15,30,20,10,,,,,,,,,,
E02000903,Waltham Forest,65,35,20,15,30,10,30,35,15,,,,,,,,,,
E02000904,Waltham Forest,70,20,30,5,45,30,45,40,25,,,,,,,,,,
E02000905,Waltham Forest,50,15,40,25,45,25,45,35,25,,,,,,,,,,
E02000906,Waltham Forest,60,10,35,15,50,20,40,40,30,,,,,,,,,,
E02000907,Waltham Forest,50,10,35,30,40,25,35,35,40,,,,,,,,,,
E02000908,Waltham Forest,75,40,35,15,50,20,50,50,15,,,,,,,,,,
E02000909,Waltham Forest,55,20,30,20,50,35,55,30,25,,,,,,,,,,
E02000910,Waltham Forest,75,20,45,25,80,25,85,40,40,,,,,,,,,,
E02000911,Waltham Forest,80,20,180,75,75,30,65,50,25,,,,,,,,,,
E02000912,Waltham Forest,35,10,15,5,40,10,20,20,10,,,,,,,,,,
E02000913,Waltham Forest,50,20,30,10,30,15,30,30,40,,,,,,,,,,
E02000914,Waltham Forest,60,25,75,40,30,10,55,45,30,,,,,,,,,,
E02000915,Waltham Forest,50,15,25,15,60,30,45,30,50,,,,,,,,,,
E02000916,Waltham Forest,90,150,70,35,40,30,60,50,25,,,,,,,,,,
E02000917,Waltham Forest,70,25,20,15,50,20,35,40,25,,,,,,,,,,
E02000918,Waltham Forest,85,20,60,30,45,30,75,55,25,,,,,,,,,,
E02000919,Waltham Forest,45,15,30,25,50,25,45,35,25,,,,,,,,,,
E02000920,Waltham Forest,65,115,55,35,40,165,70,75,35,,,,,,,,,,
E02000921,Waltham Forest,60,15,30,30,35,15,30,45,40,,,,,,,,,,
E02000922,Waltham Forest,75,25,35,15,40,15,40,25,30,,,,,,,,,,
E02000923,Wandsworth,25,25,40,35,65,70,90,75,25,,,,,,,,,,
E02000924,Wandsworth,70,175,80,55,100,90,100,105,35,,,,,,,,,,
E02000925,Wandsworth,25,10,25,20,35,40,40,30,10,,,,,,,,,,
E02000926,Wandsworth,50,60,70,50,130,135,115,105,45,,,,,,,,,,
E02000927,Wandsworth,20,25,35,30,50,40,50,40,15,,,,,,,,,,
E02000928,Wandsworth,40,15,40,40,80,110,120,85,30,,,,,,,,,,
E02000929,Wandsworth,5,5,15,5,25,15,30,20,20,,,,,,,,,,
E02000930,Wandsworth,45,30,110,85,100,90,120,75,50,,,,,,,,,,
E02000931,Wandsworth,25,5,15,15,75,100,100,50,15,,,,,,,,,,
E02000932,Wandsworth,70,85,140,110,185,190,230,135,55,,,,,,,,,,
E02000933,Wandsworth,30,20,35,10,75,100,85,55,40,,,,,,,,,,
E02000934,Wandsworth,35,15,80,55,80,105,100,65,30,,,,,,,,,,
E02000935,Wandsworth,15,0,10,5,15,10,20,30,20,,,,,,,,,,
E02000936,Wandsworth,25,15,15,10,110,90,125,55,85,,,,,,,,,,
E02000937,Wandsworth,40,15,40,10,60,90,95,70,30,,,,,,,,,,
E02000938,Wandsworth,30,15,10,10,70,60,50,30,30,,,,,,,,,,
E02000939,Wandsworth,15,10,10,5,50,95,90,55,40,,,,,,,,,,
E02000940,Wandsworth,20,30,100,40,75,60,55,70,45,,,,,,,,,,
E02000941,Wandsworth,45,20,30,20,85,85,120,90,35,,,,,,,,,,
E02000942,Wandsworth,50,5,50,15,120,100,90,55,25,,,,,,,,,,
E02000943,Wandsworth,40,20,65,65,90,90,110,65,40,,,,,,,,,,
E02000944,Wandsworth,15,5,10,5,40,20,30,30,10,,,,,,,,,,
E02000945,Wandsworth,25,5,20,15,20,5,25,20,15,,,,,,,,,,
E02000946,Wandsworth,50,30,35,30,70,60,90,50,20,,,,,,,,,,
E02000947,Wandsworth,40,40,30,20,75,75,90,50,30,,,,,,,,,,
E02000948,Wandsworth,35,10,5,5,100,75,85,50,40,,,,,,,,,,
E02000949,Wandsworth,30,15,60,35,90,90,105,60,35,,,,,,,,,,
E02000950,Wandsworth,30,10,10,0,50,30,45,35,15,,,,,,,,,,
E02000951,Wandsworth,15,15,25,30,50,45,60,25,25,,,,,,,,,,
E02000952,Wandsworth,20,0,20,15,35,40,50,30,25,,,,,,,,,,
E02000953,Wandsworth,40,25,25,15,50,60,65,55,25,,,,,,,,,,
E02000954,Wandsworth,20,10,35,15,40,40,35,30,20,,,,,,,,,,
E02000955,Wandsworth,20,10,45,15,45,30,65,55,20,,,,,,,,,,
E02000956,Wandsworth,30,10,25,30,30,20,40,25,35,,,,,,,,,,
E02000957,Wandsworth,40,30,90,50,65,45,80,50,50,,,,,,,,,,
E02000958,Wandsworth,40,5,15,10,55,35,45,30,20,,,,,,,,,,
E02000959,Wandsworth,45,10,30,15,40,25,45,25,25,,,,,,,,,,
E02000960,Westminster,25,25,65,25,55,55,45,40,40,,,,,,,,,,
E02000961,Westminster,25,15,35,30,55,65,75,60,25,,,,,,,,,,
E02000962,Westminster,30,20,25,10,50,50,40,65,35,,,,,,,,,,
E02000963,Westminster,40,15,25,10,45,30,40,20,20,,,,,,,,,,
E02000964,Westminster,25,25,55,35,75,60,85,50,45,,,,,,,,,,
E02000965,Westminster,15,20,30,20,90,90,80,60,25,,,,,,,,,,
E02000966,Westminster,20,10,45,45,100,125,85,65,25,,,,,,,,,,
E02000967,Westminster,80,65,95,105,155,160,180,170,45,,,,,,,,,,
E02000968,Westminster,25,30,95,65,70,45,55,65,45,,,,,,,,,,
E02000969,Westminster,30,15,30,25,45,40,50,40,40,,,,,,,,,,
E02000970,Westminster,545,215,545,325,345,680,545,620,590,,,,,,,,,,
E02000971,Westminster,280,110,160,160,185,245,255,275,70,,,,,,,,,,
E02000972,Westminster,990,655,"1,270",950,"2,430","1,650","1,745","1,690",270,,,,,,,,,,
E02000973,Westminster,30,20,55,55,105,100,150,85,30,,,,,,,,,,
E02000974,Westminster,60,40,110,210,105,105,95,110,55,,,,,,,,,,
E02000975,Westminster,55,30,55,130,165,145,135,135,35,,,,,,,,,,
E02000976,Westminster,55,30,110,135,80,95,75,90,35,,,,,,,,,,
E02000977,Westminster,690,375,945,925,"1,010","1,540","1,945","1,515",180,,,,,,,,,,
E02000978,Westminster,105,70,140,120,65,195,215,250,50,,,,,,,,,,
E02000979,Westminster,155,70,150,205,260,395,285,425,110,,,,,,,,,,
E02000980,Westminster,30,15,40,55,70,95,60,80,30,,,,,,,,,,
E02000981,Westminster,35,30,65,110,65,120,110,95,35,,,,,,,,,,
E02000982,Westminster,55,40,115,110,85,145,105,145,50,,,,,,,,,,
E02000983,Westminster,25,10,25,20,40,55,40,35,20,,,,,,,,,,
,London (all MSOAs total),"52,490","28,805","46,340","31,375","70,745","51,665","73,505","60,855","30,280",,,,,,,,,,
,,,,,,,,,,,,,,,,,,,,
Source: Inter-Departmental Business Register,,,,,,,,,,,,,,,,,,,,
,,,,,,,,,,,,,,,,,,,,
"Crown copyright, Office for National Statistics, 2018",,,,,,,,,,,,,,,,,,,,
,,,,,,,,,,,,,,,,,,,,
Notes:,,,,,,,,,,,,,,,,,,,,
"1. For the exact definitions of the industrial classifications listed, please refer to the sheet called ""Information"".",,,,,,,,,,,,,,,,,,,,
2. All figures rounded to the nearest 5 workplaces. Figures which appear to be zero may be any value between 0 and 2.,,,,,,,,,,,,,,,,,,,,
3. Figures may not add exactly due to rounding.,,,,,,,,,,,,,,,,,,,,
4. Local units with zero employment and enterprises with zero employment have been excluded from this analysis.,,,,,,,,,,,,,,,,,,,,
"5. MSOA stands for Middle-layer Super Output Area, a population-based geographic breakdown. For more information, please see:",,,,,,,,,,,,,,,,,,,,
www.ons.gov.uk/ons/guide-method/geography/beginner-s-guide/census/super-output-areas--soas-/index.html,,,,,,,,,,,,,,,,,,,,
,,,,,,,,,,,,,,,,,,,,
,,,,,,,,,,,,,,,,,,,,
,,,,,,,,,,,,,,,,,,,,
